SELECT
    id,
    producer_name,
    model_name,
    capacity,
    weight
FROM Plane_model;
 id | producer_name | model_name | capacity | weight
----+---------------+------------+----------+--------
  1 | Boeing        | 737        |      200 |  41000
  2 | Airbus        | A320       |      180 |  42000
(2 rows)


SELECT
    id,
    id_model,
    serial_number
FROM Plane;
 id | id_model | serial_number
----+----------+---------------
  1 |        1 | SN12345
  2 |        2 | SN67890
(2 rows)


SELECT
    id,
    name,
    city,
    country,
    iata_code
FROM Airport;
 id |                 name                  |    city     | country | iata_code
----+---------------------------------------+-------------+---------+-----------
  1 | John F. Kennedy International Airport | New York    | USA     | JFK
  2 | Los Angeles International Airport     | Los Angeles | USA     | LAX
(2 rows)


SELECT
    id,
    id_plane,
    id_airport_departure,
    id_airport_arrival,
    departure_time,
    arrival_time
FROM Flight;
 id | id_plane | id_airport_departure | id_airport_arrival |   departure_time    |    arrival_time
----+----------+----------------------+--------------------+---------------------+---------------------
  1 |        1 |                    1 |                  2 | 2023-10-01 08:00:00 | 2023-10-01 11:00:00
  2 |        2 |                    2 |                  1 | 2023-10-01 12:00:00 | 2023-10-01 15:00:00
(2 rows)


SELECT
    id,
    id_airport,
    name
FROM Gate;
 id | id_airport |  name
----+------------+---------
  1 |          1 | Gate A1
  2 |          2 | Gate B2
(2 rows)


\dt
            List of relations
 Schema |    Name     | Type  |  Owner
--------+-------------+-------+----------
 public | airport     | table | postgres
 public | flight      | table | postgres
 public | gate        | table | postgres
 public | plane       | table | postgres
 public | plane_model | table | postgres
(5 rows)

